{
    "frames": [
        {
            "filename": "reynas01",
            "frame": {
                "w": 1280,
                "h": 720,
                "x": 0,
                "y": 0
            },
            "anchor": {
                "x": 0.5,
                "y": 0.5
            }
        },
        {
            "filename": "reynas02",
            "frame": {
                "w": 1280,
                "h": 720,
                "x": 1280,
                "y": 0
            },
            "anchor": {
                "x": 0.5,
                "y": 0.5
            }
        },
        {
            "filename": "reynas03",
            "frame": {
                "w": 1280,
                "h": 720,
                "x": 2560,
                "y": 0
            },
            "anchor": {
                "x": 0.5,
                "y": 0.5
            }
        },
        {
            "filename": "reynas04",
            "frame": {
                "w": 1280,
                "h": 720,
                "x": 3840,
                "y": 0
            },
            "anchor": {
                "x": 0.5,
                "y": 0.5
            }
        },
        {
            "filename": "reynas05",
            "frame": {
                "w": 1280,
                "h": 720,
                "x": 5120,
                "y": 0
            },
            "anchor": {
                "x": 0.5,
                "y": 0.5
            }
        },
        {
            "filename": "reynas06",
            "frame": {
                "w": 1280,
                "h": 720,
                "x": 6400,
                "y": 0
            },
            "anchor": {
                "x": 0.5,
                "y": 0.5
            }
        },
        {
            "filename": "reynas07",
            "frame": {
                "w": 1280,
                "h": 720,
                "x": 7680,
                "y": 0
            },
            "anchor": {
                "x": 0.5,
                "y": 0.5
            }
        }
    ],
    "meta": {
        "description": "Atlas generado con Atlas Packer Gamma V2",
        "web": "https://gammafp.github.io/atlas-packer-phaser/"
    }
}